Date,Average Temperature,AverageTemperatureUncertainty,Country
1/01/1901,28.035,0.41,Australia
1/01/1902,28.013,0.687,Australia
1/01/1903,27.818,0.566,Australia
1/01/1904,26.317,0.665,Australia
1/01/1905,28.012,0.639,Australia
1/01/1906,29.239,0.46,Australia
1/01/1907,26.972,0.404,Australia
1/01/1908,28.217,0.507,Australia
1/01/1909,26.673,0.391,Australia
1/01/1910,27.827,0.522,Australia
1/01/1911,27.381,0.32,Australia
1/01/1912,28.455,0.597,Australia
1/01/1913,27.322,0.334,Australia
1/01/1914,27.747,0.575,Australia
1/01/1915,27.151,0.308,Australia
1/01/1916,28.047,0.545,Australia
1/01/1917,26.811,0.512,Australia
1/01/1918,26.928,0.283,Australia
1/01/1919,27.973,0.354,Australia
1/01/1920,27.064,0.43,Australia
1/01/1921,27.326,0.486,Australia
1/01/1922,27.436,0.326,Australia
1/01/1923,27.626,0.302,Australia
1/01/1924,26.864,0.281,Australia
1/01/1925,26.172,0.531,Australia
1/01/1926,27.408,0.382,Australia
1/01/1927,27.565,0.22,Australia
1/01/1928,27.313,0.25,Australia
1/01/1929,27.792,0.371,Australia
1/01/1930,27.504,0.295,Australia
1/01/1931,27.139,0.256,Australia
1/01/1932,29.475,0.44,Australia
1/01/1933,27.714,0.287,Australia
1/01/1934,28.07,0.34,Australia
1/01/1935,27.588,0.286,Australia
1/01/1936,28.209,0.485,Australia
1/01/1937,26.739,0.22,Australia
1/01/1938,27.518,0.173,Australia
1/01/1939,28.755,0.33,Australia
1/01/1940,27.754,0.205,Australia
1/01/1941,26.075,0.289,Australia
1/01/1942,27.878,0.203,Australia
1/01/1943,27.721,0.278,Australia
1/01/1944,28.446,0.204,Australia
1/01/1945,27.349,0.218,Australia
1/01/1946,27.824,0.215,Australia
1/01/1947,28.943,0.218,Australia
1/01/1948,27.03,0.171,Australia
1/01/1949,27.24,0.245,Australia
1/01/1950,27.581,0.17,Australia
1/01/1951,27.381,0.295,Australia
1/01/1952,28.447,0.173,Australia
1/01/1953,26.911,0.271,Australia
1/01/1954,27.54,0.285,Australia
1/01/1955,27.741,0.255,Australia
1/01/1956,27.388,0.204,Australia
1/01/1957,27.974,0.183,Australia
1/01/1958,27.821,0.284,Australia
1/01/1959,28.283,0.275,Australia
1/01/1960,28.445,0.205,Australia
1/01/1961,28.154,0.241,Australia
1/01/1962,27.743,0.125,Australia
1/01/1963,27.314,0.138,Australia
1/01/1964,27.734,0.191,Australia
1/01/1965,27.95,0.184,Australia
1/01/1966,27.698,0.249,Australia
1/01/1967,28.071,0.203,Australia
1/01/1968,28.406,0.206,Australia
1/01/1969,29.083,0.151,Australia
1/01/1970,28.119,0.167,Australia
1/01/1971,28.603,0.166,Australia
1/01/1972,27.114,0.271,Australia
1/01/1973,28.994,0.232,Australia
1/01/1974,26.991,0.167,Australia
1/01/1975,27.328,0.162,Australia
1/01/1976,26.349,0.181,Australia
1/01/1977,28.097,0.197,Australia
1/01/1978,27.966,0.207,Australia
1/01/1979,29.301,0.169,Australia
1/01/1980,28.353,0.138,Australia
1/01/1981,28.628,0.199,Australia
1/01/1982,28.76,0.119,Australia
1/01/1983,28.125,0.227,Australia
1/01/1984,26.609,0.205,Australia
1/01/1985,28.782,0.156,Australia
1/01/1986,28.002,0.261,Australia
1/01/1987,28.172,0.142,Australia
1/01/1988,29.249,0.162,Australia
1/01/1989,27.782,0.247,Australia
1/01/1990,28.75,0.202,Australia
1/01/1991,28.509,0.115,Australia
1/01/1992,27.691,0.283,Australia
1/01/1993,28.594,0.158,Australia
1/01/1994,28.913,0.207,Australia
1/01/1995,28.232,0.139,Australia
1/01/1996,28.058,0.221,Australia
1/01/1997,27.571,0.155,Australia
1/01/1998,28.853,0.183,Australia
1/01/1999,29.14,0.104,Australia
1/01/2000,27.071,0.173,Australia
1/01/2001,29.133,0.165,Australia
1/01/2002,27.824,0.244,Australia
1/01/2003,28.692,0.17,Australia
1/01/2004,28.474,0.124,Australia
1/01/2005,28.553,0.152,Australia
1/01/2006,29.059,0.205,Australia
1/01/2007,28.041,0.146,Australia
1/01/2008,29.258,0.207,Australia
1/01/2009,28.47,0.188,Australia
1/01/2010,28.676,0.18,Australia
1/01/2011,28.895,0.191,Australia
1/01/2012,27.904,0.356,Australia
1/01/2013,29.861,0.176,Australia
1/01/1901,-24.737,1.105,Canada
1/01/1902,-22.786,1.165,Canada
1/01/1903,-22.78,1.178,Canada
1/01/1904,-25.166,0.937,Canada
1/01/1905,-24.53,1.075,Canada
1/01/1906,-23.745,1.16,Canada
1/01/1907,-27.69,1.175,Canada
1/01/1908,-22.146,1.039,Canada
1/01/1909,-27.956,1.211,Canada
1/01/1910,-21.721,0.94,Canada
1/01/1911,-28.736,0.956,Canada
1/01/1912,-26.097,0.987,Canada
1/01/1913,-26.532,0.921,Canada
1/01/1914,-24.22,0.905,Canada
1/01/1915,-22.48,1.019,Canada
1/01/1916,-25.441,1.092,Canada
1/01/1917,-25.366,1.399,Canada
1/01/1918,-24.459,0.973,Canada
1/01/1919,-21.114,0.957,Canada
1/01/1920,-25.262,0.927,Canada
1/01/1921,-22.56,0.814,Canada
1/01/1922,-22.51,0.949,Canada
1/01/1923,-25.275,0.571,Canada
1/01/1924,-24.399,0.805,Canada
1/01/1925,-27.059,0.787,Canada
1/01/1926,-20.721,0.775,Canada
1/01/1927,-22.88,0.862,Canada
1/01/1928,-21.663,0.696,Canada
1/01/1929,-23.769,0.619,Canada
1/01/1930,-24.851,1.188,Canada
1/01/1931,-20.271,0.462,Canada
1/01/1932,-22.291,0.476,Canada
1/01/1933,-23.958,0.579,Canada
1/01/1934,-23.564,0.615,Canada
1/01/1935,-27.277,0.62,Canada
1/01/1936,-25.466,0.481,Canada
1/01/1937,-24.849,0.557,Canada
1/01/1938,-21.974,0.395,Canada
1/01/1939,-21.371,0.391,Canada
1/01/1940,-19.222,0.371,Canada
1/01/1941,-22.132,0.401,Canada
1/01/1942,-19.848,0.357,Canada
1/01/1943,-24.446,0.455,Canada
1/01/1944,-18.092,0.396,Canada
1/01/1945,-21.253,0.375,Canada
1/01/1946,-23.3,0.334,Canada
1/01/1947,-22.675,0.321,Canada
1/01/1948,-21.138,0.282,Canada
1/01/1949,-23.068,0.253,Canada
1/01/1950,-28.593,0.512,Canada
1/01/1951,-24.164,0.274,Canada
1/01/1952,-25.351,0.185,Canada
1/01/1953,-24.045,0.331,Canada
1/01/1954,-27.365,0.261,Canada
1/01/1955,-21.026,0.203,Canada
1/01/1956,-21.917,0.235,Canada
1/01/1957,-25.876,0.34,Canada
1/01/1958,-18.428,0.369,Canada
1/01/1959,-23.356,0.39,Canada
1/01/1960,-22.14,0.25,Canada
1/01/1961,-23.032,0.283,Canada
1/01/1962,-23.803,0.282,Canada
1/01/1963,-23.762,0.216,Canada
1/01/1964,-21.977,0.285,Canada
1/01/1965,-24.076,0.218,Canada
1/01/1966,-26.426,0.224,Canada
1/01/1967,-23.029,0.296,Canada
1/01/1968,-24.273,0.239,Canada
1/01/1969,-24.637,0.248,Canada
1/01/1970,-23.575,0.233,Canada
1/01/1971,-24.816,0.206,Canada
1/01/1972,-26.71,0.323,Canada
1/01/1973,-21.686,0.266,Canada
1/01/1974,-26.15,0.242,Canada
1/01/1975,-24.748,0.25,Canada
1/01/1976,-22.708,0.248,Canada
1/01/1977,-20.181,0.2,Canada
1/01/1978,-23.026,0.205,Canada
1/01/1979,-22.289,0.253,Canada
1/01/1980,-22.529,0.273,Canada
1/01/1981,-16.935,0.259,Canada
1/01/1982,-27.335,0.19,Canada
1/01/1983,-22.138,0.271,Canada
1/01/1984,-23.567,0.248,Canada
1/01/1985,-19.849,0.187,Canada
1/01/1986,-20.801,0.288,Canada
1/01/1987,-18.986,0.251,Canada
1/01/1988,-22.993,0.221,Canada
1/01/1989,-23.253,0.21,Canada
1/01/1990,-21.907,0.273,Canada
1/01/1991,-24.725,0.241,Canada
1/01/1992,-20.45,0.275,Canada
1/01/1993,-21.908,0.211,Canada
1/01/1994,-26.153,0.327,Canada
1/01/1995,-19.914,0.166,Canada
1/01/1996,-25.682,0.151,Canada
1/01/1997,-23.213,0.172,Canada
1/01/1998,-23.587,0.179,Canada
1/01/1999,-22.238,0.186,Canada
1/01/2000,-22.21,0.171,Canada
1/01/2001,-18.502,0.277,Canada
1/01/2002,-20.977,0.269,Canada
1/01/2003,-20.346,0.279,Canada
1/01/2004,-24.732,0.273,Canada
1/01/2005,-23.244,0.172,Canada
1/01/2006,-18.206,0.206,Canada
1/01/2007,-19.078,0.209,Canada
1/01/2008,-21.083,0.253,Canada
1/01/2009,-21.976,0.263,Canada
1/01/2010,-18.861,0.219,Canada
1/01/2011,-20.369,0.293,Canada
1/01/2012,-20.472,0.212,Canada
1/01/2013,-21.633,0.239,Canada
1/01/1901,-8.24,0.876,China
1/01/1902,-7.272,0.716,China
1/01/1903,-8.669,0.823,China
1/01/1904,-8.829,0.781,China
1/01/1905,-7.172,0.705,China
1/01/1906,-9.235,0.794,China
1/01/1907,-6.766,0.449,China
1/01/1908,-8.464,0.489,China
1/01/1909,-9.468,0.657,China
1/01/1910,-8.619,0.463,China
1/01/1911,-8.333,0.814,China
1/01/1912,-8.743,0.527,China
1/01/1913,-8.653,0.644,China
1/01/1914,-6.149,0.721,China
1/01/1915,-9.008,0.792,China
1/01/1916,-7.803,0.685,China
1/01/1917,-10.042,0.653,China
1/01/1918,-9.134,0.486,China
1/01/1919,-10.256,0.489,China
1/01/1920,-7.268,0.724,China
1/01/1921,-8.454,0.783,China
1/01/1922,-9.853,0.488,China
1/01/1923,-8.911,0.552,China
1/01/1924,-8.03,0.5,China
1/01/1925,-8.949,0.655,China
1/01/1926,-7.721,0.467,China
1/01/1927,-8.423,0.682,China
1/01/1928,-7.904,0.441,China
1/01/1929,-9.204,0.452,China
1/01/1930,-11.212,0.646,China
1/01/1931,-8.916,0.593,China
1/01/1932,-6.706,0.609,China
1/01/1933,-10.679,0.698,China
1/01/1934,-9.997,0.584,China
1/01/1935,-8.711,0.452,China
1/01/1936,-10.599,0.399,China
1/01/1937,-9.124,0.328,China
1/01/1938,-9.209,0.368,China
1/01/1939,-8.136,0.353,China
1/01/1940,-7.518,0.34,China
1/01/1941,-7.244,0.276,China
1/01/1942,-7.598,0.217,China
1/01/1943,-8.653,0.578,China
1/01/1944,-8.462,0.308,China
1/01/1945,-9.896,0.61,China
1/01/1946,-6.569,0.256,China
1/01/1947,-8.42,0.312,China
1/01/1948,-7.773,0.357,China
1/01/1949,-7.067,0.338,China
1/01/1950,-6.117,0.246,China
1/01/1951,-9.12,0.34,China
1/01/1952,-7.257,0.399,China
1/01/1953,-8.853,0.199,China
1/01/1954,-8.432,0.245,China
1/01/1955,-10.274,0.127,China
1/01/1956,-9.78,0.283,China
1/01/1957,-8.323,0.336,China
1/01/1958,-8.452,0.238,China
1/01/1959,-8.35,0.333,China
1/01/1960,-8.563,0.247,China
1/01/1961,-8.349,0.233,China
1/01/1962,-8.839,0.254,China
1/01/1963,-8.968,0.218,China
1/01/1964,-8.017,0.16,China
1/01/1965,-6.921,0.187,China
1/01/1966,-7.3,0.194,China
1/01/1967,-8.972,0.176,China
1/01/1968,-8.414,0.178,China
1/01/1969,-9.202,0.195,China
1/01/1970,-8.788,0.225,China
1/01/1971,-8.172,0.161,China
1/01/1972,-6.804,0.18,China
1/01/1973,-7.275,0.268,China
1/01/1974,-7.959,0.216,China
1/01/1975,-7.322,0.19,China
1/01/1976,-7.523,0.199,China
1/01/1977,-10.341,0.164,China
1/01/1978,-9.151,0.303,China
1/01/1979,-6.856,0.195,China
1/01/1980,-8.221,0.106,China
1/01/1981,-8.201,0.17,China
1/01/1982,-6.397,0.101,China
1/01/1983,-7.974,0.193,China
1/01/1984,-9.268,0.176,China
1/01/1985,-8.546,0.159,China
1/01/1986,-7.405,0.312,China
1/01/1987,-6.791,0.212,China
1/01/1988,-6.62,0.235,China
1/01/1989,-7.394,0.246,China
1/01/1990,-7.151,0.155,China
1/01/1991,-7.525,0.192,China
1/01/1992,-7.318,0.132,China
1/01/1993,-8.566,0.108,China
1/01/1994,-7.049,0.208,China
1/01/1995,-8.067,0.134,China
1/01/1996,-8.036,0.146,China
1/01/1997,-7.128,0.072,China
1/01/1998,-8.267,0.116,China
1/01/1999,-6.333,0.139,China
1/01/2000,-8.254,0.249,China
1/01/2001,-7.728,0.191,China
1/01/2002,-5.917,0.123,China
1/01/2003,-7.209,0.246,China
1/01/2004,-7.354,0.236,China
1/01/2005,-7.648,0.256,China
1/01/2006,-7.002,0.231,China
1/01/2007,-6.791,0.12,China
1/01/2008,-8.9,0.244,China
1/01/2009,-6.921,0.157,China
1/01/2010,-6.719,0.264,China
1/01/2011,-10.498,0.198,China
1/01/2012,-9.344,0.194,China
1/01/2013,-8.137,0.369,China
1/01/1901,5.966,0.657,France
1/01/1902,7.035,0.952,France
1/01/1903,6.837,0.752,France
1/01/1904,5.844,0.777,France
1/01/1905,5.25,0.732,France
1/01/1906,7.157,0.658,France
1/01/1907,5.768,0.75,France
1/01/1908,5.136,0.86,France
1/01/1909,5.254,0.661,France
1/01/1910,6.99,0.567,France
1/01/1911,4.67,0.738,France
1/01/1912,7.365,0.667,France
1/01/1913,7.909,0.512,France
1/01/1914,4.209,1.052,France
1/01/1915,6.681,0.556,France
1/01/1916,8.728,0.601,France
1/01/1917,4.573,0.534,France
1/01/1918,6.613,0.555,France
1/01/1919,6.261,0.451,France
1/01/1920,8.138,0.437,France
1/01/1921,8.905,0.498,France
1/01/1922,6.537,0.53,France
1/01/1923,6.524,0.59,France
1/01/1924,6.652,0.409,France
1/01/1925,7.617,0.658,France
1/01/1926,7.13,0.41,France
1/01/1927,7.215,0.403,France
1/01/1928,7.863,0.482,France
1/01/1929,4.066,0.491,France
1/01/1930,8.426,0.516,France
1/01/1931,6.879,0.542,France
1/01/1932,7.749,0.551,France
1/01/1933,5.239,0.514,France
1/01/1934,6.339,0.457,France
1/01/1935,5.675,0.499,France
1/01/1936,9.045,0.584,France
1/01/1937,8.325,0.468,France
1/01/1938,7.402,0.554,France
1/01/1939,8.342,0.479,France
1/01/1940,3.133,0.479,France
1/01/1941,4.43,0.7,France
1/01/1942,3.544,0.651,France
1/01/1943,7.98,0.484,France
1/01/1944,7.932,0.317,France
1/01/1945,2.806,0.515,France
1/01/1946,5.13,0.334,France
1/01/1947,4.765,0.374,France
1/01/1948,8.757,0.368,France
1/01/1949,7.586,0.378,France
1/01/1950,6.18,0.382,France
1/01/1951,7.639,0.355,France
1/01/1952,6.022,0.293,France
1/01/1953,4.723,0.362,France
1/01/1954,5.194,0.325,France
1/01/1955,7.725,0.247,France
1/01/1956,7.58,0.24,France
1/01/1957,6.195,0.455,France
1/01/1958,7.073,0.379,France
1/01/1959,6.863,0.349,France
1/01/1960,6.723,0.298,France
1/01/1961,6.83,0.303,France
1/01/1962,7.962,0.322,France
1/01/1963,2.81,0.275,France
1/01/1964,5.045,0.364,France
1/01/1965,6.879,0.23,France
1/01/1966,6.208,0.297,France
1/01/1967,6.864,0.249,France
1/01/1968,6.712,0.248,France
1/01/1969,7.932,0.238,France
1/01/1970,7.462,0.263,France
1/01/1971,6.552,0.309,France
1/01/1972,6.589,0.388,France
1/01/1973,6.358,0.299,France
1/01/1974,9.099,0.282,France
1/01/1975,9.144,0.236,France
1/01/1976,7.139,0.252,France
1/01/1977,7.127,0.253,France
1/01/1978,6.637,0.238,France
1/01/1979,4.771,0.292,France
1/01/1980,5.942,0.232,France
1/01/1981,6.725,0.257,France
1/01/1982,8.327,0.238,France
1/01/1983,8.529,0.224,France
1/01/1984,7.493,0.245,France
1/01/1985,3.045,0.204,France
1/01/1986,7.399,0.316,France
1/01/1987,3.134,0.252,France
1/01/1988,9.595,0.241,France
1/01/1989,7.361,0.258,France
1/01/1990,8.016,0.268,France
1/01/1991,7.21,0.25,France
1/01/1992,6.119,0.292,France
1/01/1993,8.733,0.227,France
1/01/1994,8.339,0.286,France
1/01/1995,7.727,0.214,France
1/01/1996,8.391,0.26,France
1/01/1997,5.834,0.265,France
1/01/1998,8.287,0.234,France
1/01/1999,8.648,0.209,France
1/01/2000,6.82,0.228,France
1/01/2001,8.335,0.284,France
1/01/2002,7.974,0.265,France
1/01/2003,6.446,0.269,France
1/01/2004,7.908,0.256,France
1/01/2005,7.704,0.233,France
1/01/2006,6.251,0.3,France
1/01/2007,9.475,0.236,France
1/01/2008,9.015,0.242,France
1/01/2009,5.646,0.239,France
1/01/2010,5.18,0.256,France
1/01/2011,7.374,0.294,France
1/01/2012,8.391,0.323,France
1/01/2013,7.235,0.387,France
1/01/1901,-3.991,0.529,Germany
1/01/1902,2.344,0.613,Germany
1/01/1903,-0.089,0.677,Germany
1/01/1904,-1.642,0.804,Germany
1/01/1905,-2.161,0.527,Germany
1/01/1906,0.599,0.486,Germany
1/01/1907,-0.895,0.44,Germany
1/01/1908,-2.68,0.63,Germany
1/01/1909,-2.079,0.428,Germany
1/01/1910,0.894,0.367,Germany
1/01/1911,-1.533,0.32,Germany
1/01/1912,-1.953,0.616,Germany
1/01/1913,-0.644,0.284,Germany
1/01/1914,-3.428,0.615,Germany
1/01/1915,-0.189,0.331,Germany
1/01/1916,3.265,0.396,Germany
1/01/1917,-2.887,0.458,Germany
1/01/1918,0.218,0.305,Germany
1/01/1919,0.33,0.432,Germany
1/01/1920,1.783,0.285,Germany
1/01/1921,3.715,0.297,Germany
1/01/1922,-2.896,0.443,Germany
1/01/1923,1.047,0.26,Germany
1/01/1924,-3.207,0.261,Germany
1/01/1925,2.026,0.485,Germany
1/01/1926,-0.47,0.294,Germany
1/01/1927,1.405,0.229,Germany
1/01/1928,1.175,0.224,Germany
1/01/1929,-4.956,0.287,Germany
1/01/1930,1.906,0.34,Germany
1/01/1931,-0.21,0.348,Germany
1/01/1932,1.35,0.388,Germany
1/01/1933,-2.937,0.374,Germany
1/01/1934,0.061,0.325,Germany
1/01/1935,-1.127,0.207,Germany
1/01/1936,2.629,0.441,Germany
1/01/1937,-1.209,0.228,Germany
1/01/1938,1.133,0.136,Germany
1/01/1939,2.091,0.256,Germany
1/01/1940,-9.094,0.206,Germany
1/01/1941,-5.664,0.208,Germany
1/01/1942,-8.187,0.342,Germany
1/01/1943,-0.826,0.233,Germany
1/01/1944,2.591,0.234,Germany
1/01/1945,-4.596,0.283,Germany
1/01/1946,-2.118,0.34,Germany
1/01/1947,-4.981,0.272,Germany
1/01/1948,2.535,0.169,Germany
1/01/1949,0.937,0.249,Germany
1/01/1950,-1.377,0.164,Germany
1/01/1951,0.985,0.224,Germany
1/01/1952,-0.109,0.169,Germany
1/01/1953,-1.179,0.197,Germany
1/01/1954,-3.466,0.335,Germany
1/01/1955,-1.825,0.209,Germany
1/01/1956,0.024,0.183,Germany
1/01/1957,-0.139,0.308,Germany
1/01/1958,-0.59,0.299,Germany
1/01/1959,-0.296,0.244,Germany
1/01/1960,-0.452,0.192,Germany
1/01/1961,-1.107,0.195,Germany
1/01/1962,1.362,0.183,Germany
1/01/1963,-7.544,0.269,Germany
1/01/1964,-2.882,0.224,Germany
1/01/1965,0.885,0.121,Germany
1/01/1966,-2.966,0.254,Germany
1/01/1967,0.304,0.115,Germany
1/01/1968,-1.378,0.206,Germany
1/01/1969,0.066,0.094,Germany
1/01/1970,-2.721,0.294,Germany
1/01/1971,-1.329,0.262,Germany
1/01/1972,-2.377,0.268,Germany
1/01/1973,-0.199,0.182,Germany
1/01/1974,3.006,0.202,Germany
1/01/1975,4.13,0.125,Germany
1/01/1976,0.882,0.181,Germany
1/01/1977,0.155,0.176,Germany
1/01/1978,0.504,0.202,Germany
1/01/1979,-4.693,0.213,Germany
1/01/1980,-2.852,0.201,Germany
1/01/1981,-1.686,0.206,Germany
1/01/1982,-2.469,0.189,Germany
1/01/1983,3.708,0.271,Germany
1/01/1984,0.834,0.186,Germany
1/01/1985,-5.665,0.14,Germany
1/01/1986,-0.199,0.261,Germany
1/01/1987,-5.984,0.335,Germany
1/01/1988,3.355,0.161,Germany
1/01/1989,2.295,0.236,Germany
1/01/1990,2.381,0.263,Germany
1/01/1991,1.398,0.139,Germany
1/01/1992,0.793,0.33,Germany
1/01/1993,2.297,0.12,Germany
1/01/1994,2.802,0.258,Germany
1/01/1995,0.002,0.168,Germany
1/01/1996,-2.832,0.251,Germany
1/01/1997,-2.789,0.276,Germany
1/01/1998,2.189,0.168,Germany
1/01/1999,2.396,0.1,Germany
1/01/2000,0.71,0.147,Germany
1/01/2001,0.664,0.149,Germany
1/01/2002,0.943,0.211,Germany
1/01/2003,-0.524,0.094,Germany
1/01/2004,-0.45,0.198,Germany
1/01/2005,1.795,0.158,Germany
1/01/2006,-2.711,0.264,Germany
1/01/2007,4.453,0.201,Germany
1/01/2008,3.361,0.239,Germany
1/01/2009,-2.155,0.218,Germany
1/01/2010,-3.752,0.219,Germany
1/01/2011,0.778,0.26,Germany
1/01/2012,1.753,0.3,Germany
1/01/2013,-0.067,0.182,Germany
1/01/1901,16.172,0.316,India
1/01/1902,17.719,0.576,India
1/01/1903,16.939,0.564,India
1/01/1904,16.723,0.621,India
1/01/1905,15.754,0.591,India
1/01/1906,16.315,0.481,India
1/01/1907,17.669,0.428,India
1/01/1908,16.417,0.45,India
1/01/1909,16.949,0.356,India
1/01/1910,16.613,0.494,India
1/01/1911,17.656,0.417,India
1/01/1912,17.237,0.64,India
1/01/1913,16.626,0.451,India
1/01/1914,17.441,0.709,India
1/01/1915,17.044,0.341,India
1/01/1916,17.013,0.557,India
1/01/1917,16.729,0.537,India
1/01/1918,15.769,0.426,India
1/01/1919,17.379,0.531,India
1/01/1920,17.183,0.466,India
1/01/1921,17.406,0.383,India
1/01/1922,16.714,0.422,India
1/01/1923,16.819,0.344,India
1/01/1924,16.724,0.325,India
1/01/1925,15.629,0.545,India
1/01/1926,17.236,0.328,India
1/01/1927,16.709,0.332,India
1/01/1928,17.08,0.336,India
1/01/1929,16.866,0.405,India
1/01/1930,16.528,0.255,India
1/01/1931,17.86,0.357,India
1/01/1932,17.783,0.45,India
1/01/1933,16.262,0.381,India
1/01/1934,15.991,0.388,India
1/01/1935,15.888,0.238,India
1/01/1936,16.589,0.384,India
1/01/1937,16.143,0.216,India
1/01/1938,17.305,0.331,India
1/01/1939,17.484,0.27,India
1/01/1940,16.722,0.144,India
1/01/1941,16.932,0.282,India
1/01/1942,16.664,0.273,India
1/01/1943,17.534,0.288,India
1/01/1944,16.725,0.204,India
1/01/1945,15.918,0.271,India
1/01/1946,16.905,0.255,India
1/01/1947,16.861,0.317,India
1/01/1948,17.289,0.269,India
1/01/1949,17.703,0.291,India
1/01/1950,17.318,0.12,India
1/01/1951,16.331,0.325,India
1/01/1952,17.707,0.196,India
1/01/1953,16.733,0.237,India
1/01/1954,16.445,0.283,India
1/01/1955,17.075,0.275,India
1/01/1956,17.035,0.2,India
1/01/1957,17.035,0.339,India
1/01/1958,18.31,0.241,India
1/01/1959,17.45,0.332,India
1/01/1960,16.885,0.252,India
1/01/1961,17.514,0.259,India
1/01/1962,15.838,0.206,India
1/01/1963,16.554,0.25,India
1/01/1964,16.468,0.266,India
1/01/1965,17.907,0.154,India
1/01/1966,17.543,0.259,India
1/01/1967,16.668,0.211,India
1/01/1968,16.341,0.188,India
1/01/1969,17.129,0.286,India
1/01/1970,17.4,0.218,India
1/01/1971,16.778,0.252,India
1/01/1972,17.132,0.381,India
1/01/1973,17.62,0.262,India
1/01/1974,16.738,0.179,India
1/01/1975,16.257,0.216,India
1/01/1976,16.913,0.165,India
1/01/1977,17.035,0.156,India
1/01/1978,16.64,0.232,India
1/01/1979,17.828,0.159,India
1/01/1980,17.593,0.143,India
1/01/1981,17.067,0.234,India
1/01/1982,17.866,0.141,India
1/01/1983,16.758,0.089,India
1/01/1984,16.993,0.21,India
1/01/1985,17.592,0.123,India
1/01/1986,17.185,0.303,India
1/01/1987,17.611,0.269,India
1/01/1988,18.235,0.134,India
1/01/1989,16.735,0.195,India
1/01/1990,18.557,0.278,India
1/01/1991,16.987,0.142,India
1/01/1992,17.102,0.202,India
1/01/1993,17.481,0.214,India
1/01/1994,18.15,0.284,India
1/01/1995,16.241,0.182,India
1/01/1996,17.819,0.238,India
1/01/1997,16.666,0.173,India
1/01/1998,17.511,0.245,India
1/01/1999,16.96,0.158,India
1/01/2000,17.84,0.21,India
1/01/2001,17.295,0.247,India
1/01/2002,17.419,0.222,India
1/01/2003,17.245,0.292,India
1/01/2004,17.223,0.198,India
1/01/2005,17.45,0.146,India
1/01/2006,17.759,0.259,India
1/01/2007,17.785,0.152,India
1/01/2008,17.248,0.138,India
1/01/2009,18.661,0.146,India
1/01/2010,17.109,0.326,India
1/01/2011,16.478,0.244,India
1/01/2012,16.778,0.267,India
1/01/2013,17.16,0.279,India
1/01/1901,2.92,0.627,Italy
1/01/1902,5.068,0.819,Italy
1/01/1903,4.193,0.619,Italy
1/01/1904,4.722,0.778,Italy
1/01/1905,1.531,0.624,Italy
1/01/1906,3.887,0.74,Italy
1/01/1907,2.423,0.458,Italy
1/01/1908,3.985,0.772,Italy
1/01/1909,2.967,0.614,Italy
1/01/1910,4.792,0.535,Italy
1/01/1911,2.979,0.452,Italy
1/01/1912,5.085,0.648,Italy
1/01/1913,5.099,0.479,Italy
1/01/1914,2.127,0.848,Italy
1/01/1915,4.561,0.522,Italy
1/01/1916,5.365,0.715,Italy
1/01/1917,3.877,0.401,Italy
1/01/1918,4.307,0.637,Italy
1/01/1919,5.559,0.314,Italy
1/01/1920,6.398,0.399,Italy
1/01/1921,6.699,0.412,Italy
1/01/1922,3.631,0.411,Italy
1/01/1923,4.025,0.337,Italy
1/01/1924,3.168,0.34,Italy
1/01/1925,5.448,0.738,Italy
1/01/1926,4.116,0.324,Italy
1/01/1927,5.065,0.265,Italy
1/01/1928,5.432,0.317,Italy
1/01/1929,1.619,0.365,Italy
1/01/1930,5.742,0.283,Italy
1/01/1931,4.992,0.471,Italy
1/01/1932,5.033,0.673,Italy
1/01/1933,3.798,0.581,Italy
1/01/1934,4.021,0.321,Italy
1/01/1935,1.985,0.364,Italy
1/01/1936,7.758,0.387,Italy
1/01/1937,4.947,0.347,Italy
1/01/1938,3.67,0.298,Italy
1/01/1939,5.884,0.555,Italy
1/01/1940,1.699,0.465,Italy
1/01/1941,3.594,0.554,Italy
1/01/1942,0.477,0.435,Italy
1/01/1943,3.504,0.275,Italy
1/01/1944,4.639,0.294,Italy
1/01/1945,1.149,0.327,Italy
1/01/1946,3.763,0.426,Italy
1/01/1947,1.451,0.6,Italy
1/01/1948,6.826,0.426,Italy
1/01/1949,5.806,0.298,Italy
1/01/1950,4.005,0.243,Italy
1/01/1951,6.096,0.294,Italy
1/01/1952,3.927,0.254,Italy
1/01/1953,2.943,0.272,Italy
1/01/1954,2.28,0.358,Italy
1/01/1955,6.772,0.187,Italy
1/01/1956,5.733,0.289,Italy
1/01/1957,4.221,0.284,Italy
1/01/1958,4.568,0.345,Italy
1/01/1959,4.499,0.388,Italy
1/01/1960,4.712,0.293,Italy
1/01/1961,4.301,0.269,Italy
1/01/1962,5.852,0.288,Italy
1/01/1963,1.984,0.153,Italy
1/01/1964,3.24,0.308,Italy
1/01/1965,5.133,0.276,Italy
1/01/1966,3.186,0.28,Italy
1/01/1967,3.859,0.254,Italy
1/01/1968,3.209,0.276,Italy
1/01/1969,4.513,0.256,Italy
1/01/1970,5.894,0.21,Italy
1/01/1971,5.172,0.279,Italy
1/01/1972,5.275,0.34,Italy
1/01/1973,5.24,0.254,Italy
1/01/1974,6.41,0.148,Italy
1/01/1975,5.921,0.248,Italy
1/01/1976,4.664,0.217,Italy
1/01/1977,5.672,0.218,Italy
1/01/1978,4.916,0.27,Italy
1/01/1979,3.533,0.201,Italy
1/01/1980,3.973,0.207,Italy
1/01/1981,2.785,0.21,Italy
1/01/1982,5.61,0.099,Italy
1/01/1983,5.627,0.322,Italy
1/01/1984,4.981,0.216,Italy
1/01/1985,2.09,0.185,Italy
1/01/1986,4.81,0.303,Italy
1/01/1987,3.752,0.313,Italy
1/01/1988,7.189,0.195,Italy
1/01/1989,4.725,0.326,Italy
1/01/1990,5.128,0.223,Italy
1/01/1991,4.993,0.135,Italy
1/01/1992,4.824,0.206,Italy
1/01/1993,5.343,0.258,Italy
1/01/1994,6.478,0.296,Italy
1/01/1995,4.465,0.206,Italy
1/01/1996,6.307,0.269,Italy
1/01/1997,6.257,0.185,Italy
1/01/1998,5.917,0.179,Italy
1/01/1999,5.325,0.266,Italy
1/01/2000,3.851,0.224,Italy
1/01/2001,6.506,0.274,Italy
1/01/2002,3.988,0.235,Italy
1/01/2003,5.274,0.209,Italy
1/01/2004,4.439,0.25,Italy
1/01/2005,3.953,0.262,Italy
1/01/2006,3.543,0.317,Italy
1/01/2007,7.346,0.291,Italy
1/01/2008,6.508,0.264,Italy
1/01/2009,4.864,0.322,Italy
1/01/2010,4.103,0.278,Italy
1/01/2011,5.065,0.264,Italy
1/01/2012,4.871,0.35,Italy
1/01/2013,5.585,0.31,Italy
1/01/1901,1.897,0.372,Japan
1/01/1902,-0.366,0.664,Japan
1/01/1903,2.74,0.657,Japan
1/01/1904,-0.797,0.719,Japan
1/01/1905,2.677,0.562,Japan
1/01/1906,-0.399,0.483,Japan
1/01/1907,1.377,0.399,Japan
1/01/1908,0.074,0.488,Japan
1/01/1909,-0.42,0.323,Japan
1/01/1910,2.051,0.362,Japan
1/01/1911,0.073,0.276,Japan
1/01/1912,0.516,0.597,Japan
1/01/1913,-0.604,0.387,Japan
1/01/1914,1.993,0.547,Japan
1/01/1915,0.373,0.298,Japan
1/01/1916,2.651,0.412,Japan
1/01/1917,-0.298,0.632,Japan
1/01/1918,-0.682,0.314,Japan
1/01/1919,0.069,0.33,Japan
1/01/1920,1.909,0.319,Japan
1/01/1921,1.15,0.374,Japan
1/01/1922,-2.259,0.368,Japan
1/01/1923,-0.805,0.163,Japan
1/01/1924,0.469,0.29,Japan
1/01/1925,0.45,0.493,Japan
1/01/1926,0.215,0.211,Japan
1/01/1927,0.216,0.236,Japan
1/01/1928,0.886,0.245,Japan
1/01/1929,-0.513,0.293,Japan
1/01/1930,-0.03,0.332,Japan
1/01/1931,-0.017,0.306,Japan
1/01/1932,2.907,0.433,Japan
1/01/1933,-0.142,0.433,Japan
1/01/1934,-0.232,0.39,Japan
1/01/1935,0.899,0.295,Japan
1/01/1936,-1.308,0.454,Japan
1/01/1937,1.326,0.262,Japan
1/01/1938,-0.103,0.213,Japan
1/01/1939,-0.903,0.228,Japan
1/01/1940,-0.612,0.197,Japan
1/01/1941,1.671,0.219,Japan
1/01/1942,-0.382,0.252,Japan
1/01/1943,-0.464,0.173,Japan
1/01/1944,-0.162,0.185,Japan
1/01/1945,-2.083,0.193,Japan
1/01/1946,0.68,0.249,Japan
1/01/1947,1.113,0.207,Japan
1/01/1948,1.69,0.125,Japan
1/01/1949,2.665,0.195,Japan
1/01/1950,1.813,0.115,Japan
1/01/1951,0.037,0.261,Japan
1/01/1952,1.07,0.174,Japan
1/01/1953,0.159,0.212,Japan
1/01/1954,1.641,0.302,Japan
1/01/1955,0.308,0.187,Japan
1/01/1956,0.895,0.182,Japan
1/01/1957,2.043,0.238,Japan
1/01/1958,1.463,0.278,Japan
1/01/1959,0.627,0.292,Japan
1/01/1960,0.792,0.236,Japan
1/01/1961,-0.161,0.313,Japan
1/01/1962,1.184,0.214,Japan
1/01/1963,-0.332,0.217,Japan
1/01/1964,2.205,0.207,Japan
1/01/1965,1.411,0.185,Japan
1/01/1966,0.687,0.239,Japan
1/01/1967,0.095,0.119,Japan
1/01/1968,1.094,0.165,Japan
1/01/1969,1.19,0.166,Japan
1/01/1970,-0.044,0.213,Japan
1/01/1971,0.931,0.144,Japan
1/01/1972,2.983,0.305,Japan
1/01/1973,2.679,0.282,Japan
1/01/1974,0.835,0.233,Japan
1/01/1975,0.781,0.232,Japan
1/01/1976,0.739,0.218,Japan
1/01/1977,-1.435,0.224,Japan
1/01/1978,1.157,0.25,Japan
1/01/1979,2.197,0.211,Japan
1/01/1980,1.27,0.127,Japan
1/01/1981,-0.421,0.141,Japan
1/01/1982,0.979,0.096,Japan
1/01/1983,1.807,0.199,Japan
1/01/1984,-0.502,0.185,Japan
1/01/1985,-0.927,0.106,Japan
1/01/1986,-0.412,0.238,Japan
1/01/1987,1.242,0.213,Japan
1/01/1988,2.52,0.181,Japan
1/01/1989,3.518,0.246,Japan
1/01/1990,0.787,0.199,Japan
1/01/1991,2.316,0.138,Japan
1/01/1992,2.676,0.249,Japan
1/01/1993,2.798,0.196,Japan
1/01/1994,1.296,0.235,Japan
1/01/1995,1.464,0.139,Japan
1/01/1996,1.545,0.185,Japan
1/01/1997,1.896,0.182,Japan
1/01/1998,0.929,0.194,Japan
1/01/1999,2.016,0.138,Japan
1/01/2000,2.731,0.201,Japan
1/01/2001,0.334,0.195,Japan
1/01/2002,2.587,0.202,Japan
1/01/2003,1.019,0.145,Japan
1/01/2004,1.641,0.139,Japan
1/01/2005,1.56,0.175,Japan
1/01/2006,0.992,0.189,Japan
1/01/2007,3.051,0.175,Japan
1/01/2008,1.408,0.188,Japan
1/01/2009,2.516,0.167,Japan
1/01/2010,2.197,0.139,Japan
1/01/2011,-0.047,0.212,Japan
1/01/2012,0.628,0.274,Japan
1/01/2013,0.563,0.238,Japan
1/01/1901,-0.269,0.521,South Korea
1/01/1902,-1.362,0.936,South Korea
1/01/1903,-0.432,0.734,South Korea
1/01/1904,-3.308,0.769,South Korea
1/01/1905,1.929,0.75,South Korea
1/01/1906,-2.066,0.473,South Korea
1/01/1907,0.521,0.499,South Korea
1/01/1908,-1.288,0.538,South Korea
1/01/1909,-0.918,0.296,South Korea
1/01/1910,-0.567,0.574,South Korea
1/01/1911,-2.531,0.238,South Korea
1/01/1912,-2.249,0.638,South Korea
1/01/1913,-2.702,0.443,South Korea
1/01/1914,-0.23,0.492,South Korea
1/01/1915,-2.012,0.711,South Korea
1/01/1916,1.269,0.736,South Korea
1/01/1917,-5.459,0.776,South Korea
1/01/1918,-4.307,0.78,South Korea
1/01/1919,-2.677,0.592,South Korea
1/01/1920,-2.582,0.619,South Korea
1/01/1921,-0.499,0.447,South Korea
1/01/1922,-4.43,0.403,South Korea
1/01/1923,-3.321,0.418,South Korea
1/01/1924,-0.661,0.25,South Korea
1/01/1925,-1.935,0.462,South Korea
1/01/1926,-2.304,0.327,South Korea
1/01/1927,-2.321,0.441,South Korea
1/01/1928,-2.464,0.507,South Korea
1/01/1929,-2.5,0.278,South Korea
1/01/1930,-2.598,0.304,South Korea
1/01/1931,-1.505,0.428,South Korea
1/01/1932,1.035,0.48,South Korea
1/01/1933,-3.96,0.454,South Korea
1/01/1934,-4.746,0.581,South Korea
1/01/1935,-0.999,0.355,South Korea
1/01/1936,-5.375,0.47,South Korea
1/01/1937,-0.987,0.295,South Korea
1/01/1938,-3.552,0.207,South Korea
1/01/1939,-2.37,0.391,South Korea
1/01/1940,-3.882,0.673,South Korea
1/01/1941,-0.702,0.37,South Korea
1/01/1942,-3.118,0.239,South Korea
1/01/1943,-3.785,0.234,South Korea
1/01/1944,-1.514,0.312,South Korea
1/01/1945,-4.941,0.469,South Korea
1/01/1946,-0.49,0.242,South Korea
1/01/1947,-1.595,0.335,South Korea
1/01/1948,-1.888,0.31,South Korea
1/01/1949,-0.753,0.293,South Korea
1/01/1950,0.389,0.448,South Korea
1/01/1951,-1.68,0.328,South Korea
1/01/1952,-1.255,0.155,South Korea
1/01/1953,-2.924,0.405,South Korea
1/01/1954,0.341,0.29,South Korea
1/01/1955,-3.226,0.245,South Korea
1/01/1956,-1.731,0.2,South Korea
1/01/1957,-1.051,0.434,South Korea
1/01/1958,-3.333,0.376,South Korea
1/01/1959,-2.701,0.235,South Korea
1/01/1960,-1.302,0.234,South Korea
1/01/1961,-3.026,0.366,South Korea
1/01/1962,-1.85,0.206,South Korea
1/01/1963,-6.232,0.195,South Korea
1/01/1964,0.959,0.315,South Korea
1/01/1965,-2.24,0.163,South Korea
1/01/1966,-2.173,0.216,South Korea
1/01/1967,-2.985,0.391,South Korea
1/01/1968,-1.92,0.243,South Korea
1/01/1969,-1.493,0.148,South Korea
1/01/1970,-2.991,0.312,South Korea
1/01/1971,-1.34,0.341,South Korea
1/01/1972,1.801,0.366,South Korea
1/01/1973,1.269,0.366,South Korea
1/01/1974,-1.752,0.397,South Korea
1/01/1975,-1.021,0.169,South Korea
1/01/1976,-2.078,0.098,South Korea
1/01/1977,-4.647,0.159,South Korea
1/01/1978,-0.467,0.286,South Korea
1/01/1979,1.815,0.372,South Korea
1/01/1980,-1.468,0.145,South Korea
1/01/1981,-4.78,0.326,South Korea
1/01/1982,-1.712,0.226,South Korea
1/01/1983,-0.51,0.204,South Korea
1/01/1984,-3.945,0.173,South Korea
1/01/1985,-3.662,0.16,South Korea
1/01/1986,-3.033,0.283,South Korea
1/01/1987,-0.781,0.217,South Korea
1/01/1988,-0.102,0.207,South Korea
1/01/1989,1.721,0.294,South Korea
1/01/1990,-1.387,0.252,South Korea
1/01/1991,-0.809,0.126,South Korea
1/01/1992,1.048,0.26,South Korea
1/01/1993,-0.73,0.229,South Korea
1/01/1994,-0.034,0.429,South Korea
1/01/1995,-0.661,0.225,South Korea
1/01/1996,-0.71,0.216,South Korea
1/01/1997,-1.631,0.258,South Korea
1/01/1998,-0.346,0.28,South Korea
1/01/1999,0.678,0.218,South Korea
1/01/2000,-0.349,0.283,South Korea
1/01/2001,-1.964,0.099,South Korea
1/01/2002,1.245,0.338,South Korea
1/01/2003,-1.739,0.179,South Korea
1/01/2004,-0.713,0.327,South Korea
1/01/2005,-1.312,0.285,South Korea
1/01/2006,0.439,0.282,South Korea
1/01/2007,0.953,0.25,South Korea
1/01/2008,-0.229,0.216,South Korea
1/01/2009,-0.898,0.286,South Korea
1/01/2010,-1.852,0.218,South Korea
1/01/2011,-4.818,0.256,South Korea
1/01/2012,-1.36,0.341,South Korea
1/01/2013,-1.949,0.259,South Korea
1/01/1901,3.695,0.528,United Kingdom
1/01/1902,4.466,0.811,United Kingdom
1/01/1903,3.909,0.771,United Kingdom
1/01/1904,4.15,0.8,United Kingdom
1/01/1905,4.105,0.649,United Kingdom
1/01/1906,5.073,0.554,United Kingdom
1/01/1907,3.899,0.456,United Kingdom
1/01/1908,3.116,0.585,United Kingdom
1/01/1909,3.819,0.368,United Kingdom
1/01/1910,3.544,0.46,United Kingdom
1/01/1911,4.113,0.394,United Kingdom
1/01/1912,3.83,0.705,United Kingdom
1/01/1913,4.257,0.5,United Kingdom
1/01/1914,3.775,0.619,United Kingdom
1/01/1915,3.9,0.371,United Kingdom
1/01/1916,6.939,0.47,United Kingdom
1/01/1917,2.133,0.574,United Kingdom
1/01/1918,3.611,0.295,United Kingdom
1/01/1919,3.357,0.513,United Kingdom
1/01/1920,4.71,0.414,United Kingdom
1/01/1921,6.483,0.451,United Kingdom
1/01/1922,3.753,0.46,United Kingdom
1/01/1923,5.647,0.433,United Kingdom
1/01/1924,4.604,0.398,United Kingdom
1/01/1925,5.258,0.554,United Kingdom
1/01/1926,4.696,0.331,United Kingdom
1/01/1927,4.581,0.209,United Kingdom
1/01/1928,4.865,0.274,United Kingdom
1/01/1929,2.112,0.412,United Kingdom
1/01/1930,5.131,0.335,United Kingdom
1/01/1931,3.627,0.396,United Kingdom
1/01/1932,6.179,0.499,United Kingdom
1/01/1933,2.977,0.415,United Kingdom
1/01/1934,4.839,0.395,United Kingdom
1/01/1935,4.794,0.425,United Kingdom
1/01/1936,3.694,0.56,United Kingdom
1/01/1937,5.033,0.288,United Kingdom
1/01/1938,5.346,0.367,United Kingdom
1/01/1939,4.026,0.417,United Kingdom
1/01/1940,0.308,0.466,United Kingdom
1/01/1941,1.075,0.382,United Kingdom
1/01/1942,1.957,0.223,United Kingdom
1/01/1943,4.727,0.249,United Kingdom
1/01/1944,5.899,0.214,United Kingdom
1/01/1945,1.073,0.301,United Kingdom
1/01/1946,3.597,0.17,United Kingdom
1/01/1947,2.699,0.228,United Kingdom
1/01/1948,4.665,0.263,United Kingdom
1/01/1949,5.384,0.275,United Kingdom
1/01/1950,4.581,0.266,United Kingdom
1/01/1951,3.82,0.253,United Kingdom
1/01/1952,2.797,0.242,United Kingdom
1/01/1953,4.167,0.22,United Kingdom
1/01/1954,3.515,0.242,United Kingdom
1/01/1955,2.84,0.279,United Kingdom
1/01/1956,3.514,0.244,United Kingdom
1/01/1957,5.325,0.322,United Kingdom
1/01/1958,3.598,0.304,United Kingdom
1/01/1959,2.103,0.257,United Kingdom
1/01/1960,4.102,0.226,United Kingdom
1/01/1961,3.723,0.25,United Kingdom
1/01/1962,4.421,0.23,United Kingdom
1/01/1963,-0.47,0.318,United Kingdom
1/01/1964,4.128,0.33,United Kingdom
1/01/1965,3.479,0.153,United Kingdom
1/01/1966,3.207,0.217,United Kingdom
1/01/1967,4.5,0.256,United Kingdom
1/01/1968,4.413,0.201,United Kingdom
1/01/1969,5.216,0.122,United Kingdom
1/01/1970,3.863,0.3,United Kingdom
1/01/1971,4.648,0.258,United Kingdom
1/01/1972,4.081,0.296,United Kingdom
1/01/1973,4.804,0.292,United Kingdom
1/01/1974,5.928,0.229,United Kingdom
1/01/1975,6.084,0.145,United Kingdom
1/01/1976,5.382,0.197,United Kingdom
1/01/1977,3.119,0.17,United Kingdom
1/01/1978,3.421,0.22,United Kingdom
1/01/1979,1.1,0.205,United Kingdom
1/01/1980,2.871,0.156,United Kingdom
1/01/1981,4.691,0.203,United Kingdom
1/01/1982,3.314,0.192,United Kingdom
1/01/1983,6.203,0.283,United Kingdom
1/01/1984,3.382,0.286,United Kingdom
1/01/1985,1.685,0.167,United Kingdom
1/01/1986,3.609,0.292,United Kingdom
1/01/1987,1.694,0.237,United Kingdom
1/01/1988,4.89,0.172,United Kingdom
1/01/1989,6.556,0.189,United Kingdom
1/01/1990,6.31,0.286,United Kingdom
1/01/1991,3.666,0.167,United Kingdom
1/01/1992,4.483,0.22,United Kingdom
1/01/1993,5.458,0.236,United Kingdom
1/01/1994,4.92,0.269,United Kingdom
1/01/1995,4.514,0.209,United Kingdom
1/01/1996,4.656,0.193,United Kingdom
1/01/1997,3.224,0.215,United Kingdom
1/01/1998,5.221,0.184,United Kingdom
1/01/1999,5.487,0.23,United Kingdom
1/01/2000,5.243,0.183,United Kingdom
1/01/2001,3.662,0.167,United Kingdom
1/01/2002,6.007,0.262,United Kingdom
1/01/2003,4.53,0.199,United Kingdom
1/01/2004,5.39,0.186,United Kingdom
1/01/2005,6.154,0.139,United Kingdom
1/01/2006,4.782,0.285,United Kingdom
1/01/2007,6.661,0.205,United Kingdom
1/01/2008,6.133,0.202,United Kingdom
1/01/2009,3.93,0.237,United Kingdom
1/01/2010,2.156,0.18,United Kingdom
1/01/2011,4.085,0.283,United Kingdom
1/01/2012,5.47,0.32,United Kingdom
1/01/2013,4.354,0.37,United Kingdom
1/01/1901,-3.432,0.358,United States
1/01/1902,-3.927,0.676,United States
1/01/1903,-4.273,0.63,United States
1/01/1904,-5.517,0.804,United States
1/01/1905,-4.786,0.637,United States
1/01/1906,-3.88,0.548,United States
1/01/1907,-3.011,0.431,United States
1/01/1908,-2.655,0.495,United States
1/01/1909,-3.627,0.372,United States
1/01/1910,-4.26,0.462,United States
1/01/1911,-3.006,0.389,United States
1/01/1912,-5.591,0.624,United States
1/01/1913,-4.323,0.478,United States
1/01/1914,-1.673,0.587,United States
1/01/1915,-3.958,0.467,United States
1/01/1916,-4.318,0.354,United States
1/01/1917,-5.336,0.512,United States
1/01/1918,-6.737,0.359,United States
1/01/1919,-3.257,0.402,United States
1/01/1920,-4.624,0.332,United States
1/01/1921,-2.321,0.459,United States
1/01/1922,-4.678,0.418,United States
1/01/1923,-1.925,0.268,United States
1/01/1924,-5.418,0.254,United States
1/01/1925,-5.223,0.596,United States
1/01/1926,-2.437,0.234,United States
1/01/1927,-2.643,0.129,United States
1/01/1928,-2.159,0.185,United States
1/01/1929,-4.485,0.246,United States
1/01/1930,-5.784,0.225,United States
1/01/1931,-1.843,0.272,United States
1/01/1932,-3.657,0.388,United States
1/01/1933,-2.599,0.29,United States
1/01/1934,-2.542,0.347,United States
1/01/1935,-3.068,0.335,United States
1/01/1936,-4.66,0.398,United States
1/01/1937,-4.735,0.185,United States
1/01/1938,-3.17,0.158,United States
1/01/1939,-2.23,0.272,United States
1/01/1940,-5.919,0.282,United States
1/01/1941,-2.843,0.238,United States
1/01/1942,-2.619,0.137,United States
1/01/1943,-4.731,0.169,United States
1/01/1944,-2.591,0.176,United States
1/01/1945,-2.536,0.152,United States
1/01/1946,-2.595,0.159,United States
1/01/1947,-3.823,0.121,United States
1/01/1948,-4.414,0.087,United States
1/01/1949,-5.259,0.181,United States
1/01/1950,-2.893,0.171,United States
1/01/1951,-4.354,0.211,United States
1/01/1952,-3.232,0.107,United States
1/01/1953,-1.337,0.158,United States
1/01/1954,-3.65,0.183,United States
1/01/1955,-3.365,0.139,United States
1/01/1956,-3.87,0.127,United States
1/01/1957,-4.243,0.208,United States
1/01/1958,-2.776,0.252,United States
1/01/1959,-4.273,0.233,United States
1/01/1960,-3.791,0.161,United States
1/01/1961,-3.139,0.247,United States
1/01/1962,-4.849,0.165,United States
1/01/1963,-5.482,0.152,United States
1/01/1964,-3.196,0.178,United States
1/01/1965,-3.194,0.12,United States
1/01/1966,-5.76,0.232,United States
1/01/1967,-2.269,0.19,United States
1/01/1968,-4.093,0.214,United States
1/01/1969,-4.523,0.171,United States
1/01/1970,-5.642,0.212,United States
1/01/1971,-5.185,0.183,United States
1/01/1972,-4.279,0.243,United States
1/01/1973,-4.54,0.297,United States
1/01/1974,-3.583,0.213,United States
1/01/1975,-3.216,0.13,United States
1/01/1976,-3.876,0.112,United States
1/01/1977,-5.601,0.111,United States
1/01/1978,-4.646,0.223,United States
1/01/1979,-6.62,0.247,United States
1/01/1980,-3.517,0.134,United States
1/01/1981,-0.996,0.187,United States
1/01/1982,-5.793,0.141,United States
1/01/1983,-2.596,0.198,United States
1/01/1984,-4.207,0.155,United States
1/01/1985,-4.019,0.171,United States
1/01/1986,-1.274,0.306,United States
1/01/1987,-2.525,0.213,United States
1/01/1988,-4.263,0.12,United States
1/01/1989,-3.103,0.191,United States
1/01/1990,-1.123,0.195,United States
1/01/1991,-3.859,0.109,United States
1/01/1992,-1.739,0.191,United States
1/01/1993,-3.498,0.192,United States
1/01/1994,-3.729,0.228,United States
1/01/1995,-2.139,0.176,United States
1/01/1996,-4.316,0.174,United States
1/01/1997,-4.012,0.164,United States
1/01/1998,-1.69,0.125,United States
1/01/1999,-2.55,0.091,United States
1/01/2000,-2.338,0.149,United States
1/01/2001,-2.052,0.142,United States
1/01/2002,-1.166,0.197,United States
1/01/2003,-1.82,0.118,United States
1/01/2004,-3.841,0.197,United States
1/01/2005,-1.884,0.112,United States
1/01/2006,-0.287,0.183,United States
1/01/2007,-2.959,0.106,United States
1/01/2008,-3.883,0.164,United States
1/01/2009,-3.569,0.099,United States
1/01/2010,-3.61,0.115,United States
1/01/2011,-3.507,0.208,United States
1/01/2012,-2.268,0.232,United States
1/01/2013,-2.155,0.185,United States
